-160;200;-160
-159.996509713718;199.99878878905;-159.000010153058
-159.986039067494;199.995155229985;-158.000081223723
-159.968588699181;199.989099544154;-157.000274125891
-159.944159671824;199.980622100459;-156.000649766035
-159.912753473597;199.969723415332;-155.001269039498
-159.87437414447;199.956402677788;-154.002192784687
-159.829026148413;199.940659224113;-153.003481801688
-159.776712246598;199.922494012905;-152.005196900551
-159.717435624341;199.901908150215;-151.00739886538
-159.65119989091;199.878902889488;-150.010148450637
-159.580907046724;199.854486399345;-149.01324304079
-159.509456553645;199.829665966734;-148.016440656597
-159.436848532404;199.804441633595;-147.019742982361
-159.363083105687;199.778813442547;-146.023151702211
-159.288160398136;199.752781436897;-145.026668500095
-159.212080536349;199.726345660631;-144.030295059778
-159.134843648878;199.699506158417;-143.034033064842
-159.056449866231;199.672262975605;-142.037884198678
-158.976899320871;199.64461615823;-141.041850144486
-158.896192147215;199.616565753006;-140.045932585274
-158.814328481634;199.588111807331;-139.050133203852
-158.731308462455;199.559254369282;-138.054453682829
-158.647132229956;199.529993487622;-137.058895704614
-158.561799926371;199.500329211791;-136.063460951409
-158.475311695888;199.470261591914;-135.068151105209
-158.387667684644;199.439790678797;-134.072967847794
-158.298868040734;199.408916523926;-133.077912860736
-158.208912914203;199.377639179471;-132.082987825388
-158.117802457049;199.345958698279;-131.088194422881
-158.025536823222;199.313875133883;-130.093534334126
-157.932116168624;199.281388540494;-129.099009239808
-157.837540651108;199.248498973004;-128.104620820385
-157.741810430479;199.215206486988;-127.110370756083
-157.644925668494;199.181511138701;-126.116260726893
-157.54688652886;199.147412985077;-125.122292412573
-157.447693177234;199.112912083732;-124.128467492637
-157.347345781224;199.078008492963;-123.13478764636
-157.245844510388;199.042702271748;-122.141254552771
-157.143189536232;199.006993479742;-121.147869890651
-157.039381032215;198.970882177283;-120.15463533853
-157.004961378977;198.897954766367;-119.16077039444
-156.971119084996;198.824223705124;-118.167008797993
-156.937854207317;198.749689117837;-117.173352224293
-156.905166802012;198.674351130142;-116.179802348268
-156.873056924179;198.598209869031;-115.186360844664
-156.841524627944;198.521265462849;-114.193029388047
-156.810569966458;198.443518041295;-113.199809652794
-156.780192991898;198.364967735421;-112.206703313096
-156.750393755469;198.285614677634;-111.213712042954
-156.721172307401;198.205459001692;-110.220837516171
-156.692528696951;198.124500842708;-109.228081406358
-156.664462972399;198.042740337145;-108.235445386923
-156.636975181056;197.960177622822;-107.242931131073
-156.610065369254;197.876812838908;-106.25054031181
-156.583733582353;197.792646125923;-105.258274601926
-156.557979864738;197.707677625741;-104.266135674003
-156.532804259821;197.621907481587;-103.274125200412
-156.508206810039;197.535335838036;-102.282244853304
-156.484187556852;197.447962841015;-101.290496304611
-156.460746540748;197.359788637802;-100.298881226046
-156.437883801241;197.270813377025;-99.3074012890929
-156.415599376867;197.181037208663;-98.3160581650103
-156.39389330519;197.090460284043;-97.3248535248256
-156.372765622798;196.999082755844;-96.3337890393325
-156.352216365305;196.906904778094;-95.3428663790887
-156.332245567348;196.81392650617;-94.3520872144129
-156.312853262591;196.720148096798;-93.3614532153818
-156.294039483721;196.625569708052;-92.3709660518273
-156.275804262452;196.530191499356;-91.3806273933341
-156.258147629522;196.434013631481;-90.3904389092363
-156.241069614692;196.337036266546;-89.4004022686149
-156.224570246749;196.239259568019;-88.4105191402951
-156.208649553506;196.140683700714;-87.4207911928432
-156.193307561799;196.041308830791;-86.431220094564
-156.178544297488;195.94113512576;-85.4418075134978
-156.164359785458;195.840162754475;-84.4525551174179
-156.15075404962;195.738391887137;-83.4634645738274
-156.137727112907;195.635822695292;-82.4745375499567
-156.125278997278;195.532455351835;-81.4857757127604
-156.113409723715;195.428290031002;-80.4971807289148
-156.102119312226;195.323326908377;-79.5087542648151
-156.091407781843;195.217566160887;-78.520497986572
-156.081275150619;195.111007966806;-77.5324135600098
-156.071721435636;195.003652505749;-76.5445026506628
-156.062746652998;194.895499958677;-75.556766923773
-156.054350817831;194.786550507894;-74.5692080442871
-156.046533944289;194.676804337047;-73.5818276768534
-156.039296045548;194.566261631128;-72.5946274858198
-156.032637133808;194.454922576468;-71.6076091352301
-156.026557220294;194.342787360743;-70.6207742888218
-156.021056315253;194.22985617297;-69.6341246100229
-156.016134427959;194.116129203508;-68.6476617619494
-156.011791566708;194.001606644058;-67.6613874074024
-156.00802773882;193.886288687662;-66.6753032088652
-156.00484295064;193.7701755287;-65.6894108285007
-156.002237207535;193.653267362897;-64.7037119281482
-156.000210513899;193.535564387314;-63.718208169321
-155.998762873147;193.417066800354;-62.7329012132037
-155.99789428772;193.297774801759;-61.7477927206488
-155.997604759082;193.17768859261;-60.7628843521745
-155.997604759082;193.055417039468;-59.7785357078275
-155.997604759082;192.929571125269;-58.7951232675507
-155.997604759082;192.800154300143;-57.812673992093
-155.997604759082;192.667170112117;-56.8312148157974
-155.997604759082;192.53062220702;-55.8507726458631
-155.997604759082;192.390514328381;-54.8713743616075
-155.997604759082;192.24685031733;-53.8930468137293
-155.997604759082;192.099634112487;-52.9158168235723
-155.997604759082;191.948869749859;-51.9397111823904
-155.997604759082;191.794561362728;-50.9647566506128
-155.997604759082;191.636713181535;-49.9909799571105
-155.997604759082;191.475329533768;-49.0184077984635
-155.997604759082;191.310414843842;-48.0470668382288
-155.997604759082;191.141973632976;-47.0769837062095
-155.997604759082;190.97001051907;-46.1081849977246
-155.997604759082;190.794530216582;-45.1406972728802
-155.997604759082;190.61553753639;-44.174547055841
-155.997604759082;190.433037385672;-43.2097608341032
-155.997604759082;190.247034767759;-42.2463650577683
-155.997604759082;190.057534782009;-41.2843861388184
-155.997604759082;189.864542623658;-40.3238504503914
-155.997604759082;189.668063583684;-39.3647843260584
-155.997604759082;189.46810304866;-38.4072140591016
-155.997604759082;189.264666500604;-37.4511659017937
-155.997604759082;189.057759516833;-36.4966660646779
-155.997604759082;188.847387769805;-35.5437407158492
-155.997604759082;188.633557026969;-34.5924159802376
-155.997604759082;188.416273150602;-33.6427179388912
-155.997604759082;188.195542097652;-32.6946726282616
-155.997604759082;187.971369919571;-31.7483060394898
-155.997604759082;187.743762762153;-30.803644117694
-155.997604759082;187.512726865364;-29.8607127612579
-155.997604759082;187.27826856317;-28.9195378211209
-155.997604759082;187.040394283362;-27.9801451000695
-155.997604759082;186.799110547385;-27.0425603520297
-155.997604759082;186.554423970155;-26.106809281361
-155.997604759082;186.306341259876;-25.1729175421516
-155.997604759082;186.054869217863;-24.2409107375153
-155.997604759082;185.800014738348;-23.3108144188894
-155.997604759082;185.541784808295;-22.3826540853345
-155.997604759082;185.280186507209;-21.4564551828349
-155.997604759082;185.015227006939;-20.5322431036013
-155.997604759082;184.746913571483;-19.6100431853748
-155.997604759082;184.47525355679;-18.6898807107319
-155.997604759082;184.200254410556;-17.7717809063919
-155.997604759082;183.921923672023;-16.8557689425244
-155.997604759082;183.640268971767;-15.9418699320603
-155.997604759082;183.355298031495;-15.0301089300027
-155.997604759082;183.067018663829;-14.1205109327398
-155.997604759082;182.775438772093;-13.2131008773603
-155.997604759082;182.480566350098;-12.3079036409693
-155.997604759082;182.182409481919;-11.4049440400063
-155.997604759082;181.880976341679;-10.5042468295647
-155.997604759082;181.576275193318;-9.6058367027137
-155.997604759082;181.268314390373;-8.70973828982071
-155.997604759082;180.957102375744;-7.81597615787632
-155.997604759082;180.642647681467;-6.92457480982091
-155.997604759082;180.324958928475;-6.03555868387275
-155.997604759082;180.004044826367;-5.14895215285796
-155.997604759082;179.679914173164;-4.2647795235425
-155.997604759082;179.352575855072;-3.38306503596559
-155.997604759082;179.022038846236;-2.50383286277531
-155.997604759082;178.688312208495;-1.62710710856587
-155.997604759082;178.351405091135;-0.75291180921667
-155.997604759082;178.011326730633;0.118729068766555
-155.997604759082;177.668086450409;0.987791628908838
-155.997604759082;177.32169366057;1.85425204542108
-155.997604759082;176.972157857649;2.71808656385326
-155.997604759082;176.619488624345;3.57927150174572
-155.997604759082;176.263695629265;4.43778324927837
-155.997604759082;175.904788626653;5.29359826991794
-155.997604759082;175.542777456126;6.14669310106339
-155.997604759082;175.177672042403;6.99704435468891
-155.997604759082;174.809482395033;7.84462871798533
-155.997604759082;174.438218608122;8.68942295399927
-155.997604759082;174.063890860053;9.53140390226991
-155.997604759082;173.686509413211;10.3705484794642
-155.997604759082;173.3060846137;11.2068336800099
-155.997604759082;172.922626891056;12.0402365767255
-155.997604759082;172.536146757968;12.8707343214497
-155.997604759082;172.146654809983;13.6983041456674
-155.997604759082;171.75416172522;14.5229233611337
-155.997604759082;171.358678264075;15.3445693604963
-155.997604759082;170.960215268927;16.163219617915
-155.997604759082;170.55878366384;16.9788516896796
-155.997604759082;170.154394454264;17.7914432148248
-155.997604759082;169.747058726734;18.6009719157434
-155.997604759082;169.336787648565;19.4074155987972
-155.997604759082;168.923592467545;20.2107521549252
-155.997604759082;168.50748451163;21.0109595602499
-155.997604759082;168.088475188628;21.8080158766811
-155.997604759082;167.666575985892;22.6018992525172
-155.997604759082;167.241798470002;23.3925879230446
-155.997604759082;166.814154286449;24.1800602111338
-155.997604759082;166.383655159312;24.9642945278343
-155.997604759082;165.950312890944;25.7452693729661
-155.997604759082;165.514139361642;26.5229633357094
-155.997604759082;165.075146529323;27.2973550951913
-155.997604759082;164.633346429197;28.0684234210705
-155.997604759082;164.188751173438;28.8361471741195
-156.001966748121;163.740995349107;29.6000283375517
-156.015052188439;163.289741551778;30.359521525747
-156.036859499694;162.835044279777;31.1145350140326
-156.067386048199;162.376958447302;31.8649776187535
-156.106628147234;161.915539377788;32.6107587082842
-156.154581057496;161.450842797229;33.3517882139745
-156.211238987669;160.982924827448;34.0879766410275
-156.276595095124;160.511841979317;34.8192350793074
-156.350641486746;160.037651145933;35.5454752140779
-156.433369219886;159.560409595749;36.2666093366672
-156.524768303441;159.080174965653;36.9825503550618
-156.624827699061;158.597005254011;37.6932118044235
-156.733535322485;158.110958813664;38.3985078575326
-156.850878044995;157.622094344874;39.0983533351532
-156.976841695005;157.130470888242;39.7926637163202
-157.111411059773;156.636147817572;40.481355148547
-157.254569887235;156.139184832704;41.1643444579524
-157.406300887973;155.639641952303;41.8415491593061
-157.566585737297;155.137579506611;42.5128874659897
-157.735405077462;154.633058130158;43.1782782998746
-157.912738520006;154.126138754443;43.8376413011139
-158.09856464821;153.616882600573;44.4908968378474
-158.292861019686;153.10535117187;45.1379660158189
-158.495604169086;152.591606246442;45.7787706879043
-158.70676961094;152.075709869724;46.4132334635495
-158.926331842608;151.557724346984;47.0412777181167
-159.154264347363;151.037712235798;47.6628276021389
-159.390539597591;150.515736338492;48.27780805048
-159.635129058119;149.991859694565;48.8861447914003
-159.88800318966;149.466145573068;49.487764355527
-160.149131452376;148.938657464965;50.0825940847264
-160.418482309576;148.409459075469;50.6705621408794
-160.696023231514;147.878614316342;51.2515975145573
-160.981720699324;147.346187298182;51.8256300335977
-161.275540209068;146.812242322676;52.392590371579
-161.577446275899;146.276843874837;52.9524100561936
-161.887402438353;145.740056615216;53.5050214775168
-162.205371262746;145.20194537209;54.0503578961722
-162.531314347698;144.662575133636;54.5883534513922
-162.86519232877;144.122011040081;55.1189431689718
-163.20696488322;143.580318375834;55.6420629691156
-163.556590734871;143.037562561605;56.1576496741768
-163.914027659095;142.493809146498;56.6656410162872
-164.279232487915;141.9491238001;57.1659756448777
-164.652161115217;141.40357230455;57.6585931340869
-165.032768502075;140.857220546588;58.1434339900595
-165.421008682196;140.310134509607;58.6204396581311
-165.816834767465;139.762380265677;59.0895525299
-166.220198953611;139.214023967569;59.5507159501845
-166.63105252598;138.665131840763;60.0038742238653
-167.049345865419;138.115770175455;60.4489726226119
-167.475028454265;137.566005318543;60.885957391492
-167.908048882452;137.015903665622;61.3147757554638
-168.348354853715;136.465531652962;61.7353759257493
-168.795893191907;135.914955749483;62.1477071060893
-169.250609847422;135.364242448731;62.551719498878
-169.712449903722;134.813458260843;62.9473643111766
-170.181357583971;134.262669704519;63.3345937606071
-170.657276257767;133.711943298988;63.7133610811219
-171.140148447987;133.161345555969;64.0836205286525
-171.629915837724;132.610942971646;64.4453273866339
-172.12651927733;132.060802018631;64.7984379714048
-172.629898791565;131.51098913794;65.1429096374838
-173.139993586832;130.961570730967;65.4787007827191
-173.656742058528;130.412613151465;65.8057708533134
-174.180081798476;129.864182697533;66.1240803487215
-174.709949602467;129.316345603608;66.4335908264204
-175.246281477892;128.769168032466;66.7342649065526
-175.78901265147;128.222716067233;67.0260662764401
-176.338077577071;127.677055703401;67.3089596949702
-176.893409943632;127.132252840862;67.5829109968513
-177.454942683167;126.588373275946;67.8478870967393
-178.022607978862;126.045482693473;68.1038559932335
-178.596337273273;125.503646658827;68.3507867727408
-179.176061276598;124.962930610031;68.5886496132099
-179.76170997505;124.423399849845;68.8174157877326
-180.353212639312;123.885119537883;69.0370576680129
-180.950497833076;123.348154682741;69.2475487277045
-181.553493421675;122.812570134144;69.4488635456135
-182.162126580793;122.278430575119;69.6409778087689
-182.776323805256;121.745800514178;69.8238683153592
-183.396010917917;121.214744277531;69.9975129775342
-184.021113078608;120.685326001315;70.1618908240724
-184.65155479318;120.15760962385;70.3169820029142
-185.287259922624;119.631658877915;70.4627677835588
-185.928151692261;119.107537283052;70.5992305593271
-186.574152701019;118.585308137896;70.7263538494875
-187.225184930777;118.065034512529;70.8441223012462
-187.88116975579;117.546779240863;70.9525216916019
-188.542027952183;117.03060491305;71.0515389290632
-189.207679707519;116.516573867926;71.1411620552296
-189.878044630441;116.004748185482;71.2213802462359
-190.553041760376;115.495189679362;71.2921838140593
-191.232589577315;114.987959889405;71.3535642076895
-191.916606011661;114.483120074207;71.4055140141614
-192.605008454137;113.980731203723;71.4480269594505
-193.297713765762;113.480853951908;71.48109790923
-193.994638287896;112.983548689386;71.504722869492
-194.69569785234;112.488875476157;71.5188989870287
-195.400807791503;111.99689405435;71.5236245497778
-196.107885494447;111.506298536895;71.5157707296335
-196.814788736549;111.015824066543;71.4922112070132
-197.52134310001;110.525591660531;71.4529517948768
-198.227374253114;110.035722276369;71.3980021798965
-198.932707993238;109.546336781997;71.3273759200676
-199.637170289837;109.057555925964;71.2410904413631
-200.340587327379;108.569500307631;71.1391670334336
-201.042785548237;108.082290347421;71.021630844355
-201.743591695505;107.596046257099;70.8885108744231
-202.442832855754;107.110888010121;70.7398399689987
-203.140336501691;106.626935312023;70.575654810403
-203.835930534728;106.144307570892;70.3959959088672
-204.529443327445;105.663123867902;70.2009075925368
-205.220703765938;105.183502927931;69.9904379965349
-205.909541292038;104.705563090269;69.7646390510848
-206.595785945392;104.229422279421;69.5235664686978
-207.279268405401;103.755197976006;69.2672797304262
-207.959820032995;103.283007187774;68.9958420711878
-208.637272912242;102.812966420739;68.7093204641633
-209.311459891783;102.345191650425;68.4077856042722
-209.982214626067;101.879798293258;68.091311890729
-210.649371616401;101.416901178084;67.759977408687
-211.31276625178;100.956614517841;67.4138639099719
-211.972234849506;100.499051881374;67.0530567929105
-212.627614695568;100.044326165418;66.6776450812599
-213.278744084796;99.5925495667377;66.2877214022427
-213.925462360758;99.1438335544498;65.8833819636921
-214.567609955395;98.6982888425157;65.4647265303143
-215.205028428398;98.2560253624264;65.031858399073
-215.837560506295;97.8171522360778;64.5848843737025
-216.465050121261;97.3817777488468;64.1239147383552
-217.087342449623;96.9500093228735;63.6490632303912
-217.704283950061;96.5219534905563;63.1604470123145
-218.315722401492;96.0977158682667;62.6581866428658
-218.921506940625;95.6774011302901;62.1424060472756
-219.521488099191;95.2611129829986;61.6132324866881
-220.115517840816;94.8489541392637;61.0707965267613
-220.703449597552;94.4410262931126;60.5152320054516
-221.285138306033;94.0374300946375;59.9466759999916
-221.860440443275;93.6382651251613;59.365268793068
-222.429214062084;93.2436298726673;58.7711538382095
-222.991318826081;92.853621707499;58.1644777243912
-223.546616044325;92.4683368583354;57.5453901398663
-224.094968705538;92.0878703884478;56.9140438352326
-224.636241511906;91.7123161722446;56.2705945857439
-225.170300912462;91.3417668721092;55.6152011528742
-225.697015136041;90.9763139155368;54.9480252451464
-226.216254223789;90.6160474725758;54.2692314782324
-226.727890061232;90.2610564335805;53.5789873343372
-227.231796409882;89.9114283872777;52.877463120875
-227.727848938388;89.5672495991564;52.1648319284483
-228.21592525321;89.2286049901825;51.4412695881405
-228.695904928822;88.8955781158459;50.7069546281322
-229.167669537421;88.5682511455447;49.962068229652
-229.631102678148;88.2467048423109;49.2067941822728
-230.086090005811;87.9310185428835;48.4413188385643
-230.532519259095;87.6212701381332;47.6658310681135
-230.970280288261;87.3175360538438;46.8805222109239
-231.399265082325;87.019891231856;46.0855860302053
-231.81936779571;86.7284091115757;45.2812186645652
-232.230484774357;86.4431616118545;44.4676185796152
-232.632514581302;86.1642191132449;43.6449865190021
-233.025358021707;85.8916504406343;42.8135254548775
-233.40891816733;85.6255228462643;41.9734405378176
-233.783100380446;85.3659019931365;41.1249390462052
-234.147812337192;85.1128519388118;40.2682303350869
-234.502964050351;84.8664351196045;39.4035257845181
-234.848467891551;84.6267123351777;38.5310387474076
-235.184238612889;84.3937427335412;37.6509844968767
-235.510193367964;84.1675837964583;36.7635801731431
-235.826251732318;83.9482913252626;35.8690447299452
-236.132335723278;83.7359194270901;34.9675988805183
-236.4283698192;83.5305205015288;34.0594650431372
-236.7142809781;83.3321452276901;33.1448672862376
-236.989998655678;83.1408425517046;32.2240312731305
-237.255454822723;82.9566596746451;31.2971842063234
-237.510583981898;82.7796420408803;30.3645547714613
-237.7553231839;82.6098333268628;29.4263730809022
-237.989612042992;82.4472754303517;28.4828706169397
-238.213392751906;82.2920084600757;27.5342801746889
-238.426610096099;82.1440707258363;26.5808358046475
-238.629211467383;82.0034987290558;25.622772754947
-238.8211468769;81.8703271537711;24.6603274133091
-239.00236896746;81.7445888580755;23.6937372487206
-239.172833025224;81.6263148660122;22.723240752841
-239.332496990736;81.5155343599189;21.749077381159
-239.481321469303;81.4122746732278;20.7714874939097
-239.61926974071;81.3165612837215;19.7907122967699
-239.746307768287;81.2284178072467;18.8069937813437
-239.8624042073;81.1478659918873;17.8205746654552
-239.967530412691;81.0749257125984;16.8316983332612
-240.061660446141;81.0096149663024;15.8406087751997
-240.144771082473;80.9519498674488;14.8475505277891
-240.216841815382;80.9019446440379;13.8527686132926
-240.277854862492;80.8596116341102;12.8565084792623
-240.327795169746;80.8249612827026;11.859015937979
-240.366650415123;80.7980021392708;10.8605371058014
-240.39441101167;80.7787408555799;9.86131834244074
-240.411070109876;80.7671821840636;8.86160619017531
-240.416623599358;80.7633289766511;7.86164731301963
-240.411070109876;80.7594757692385;6.86168843586398
-240.39441101167;80.7479170977222;5.86197628359852
-240.366650415123;80.7286558140314;4.86275752023789
-240.327795169746;80.7016966705995;3.86427868806027
-240.277854862492;80.6670463191919;2.86678614677695
-240.216841815382;80.6247133092642;1.87052601274667
-240.144771082473;80.5747080858533;0.875744098250181
-240.061660446141;80.5170429869997;-0.117314149160393
-239.967530412691;80.4517322407038;-1.10840370722192
-239.8624042073;80.3787919614148;-2.09728003941598
-239.746307768287;80.2982401460554;-3.08369915530446
-239.61926974071;80.2100966695806;-4.06741767073058
-239.481321469303;80.1143832800743;-5.04819286787043
-239.332496990736;80.0111235933832;-6.02578275511971
-239.172833025224;79.9003430872899;-6.99994612680175
-239.00236896746;79.7820690952266;-7.9704426226813
-238.8211468769;79.6563307995311;-8.93703278726989
-238.629211467383;79.5231592242463;-9.89947812890776
-238.426610096099;79.3825872274658;-10.8575411786083
-238.213392751906;79.2346494932264;-11.8109855486497
-237.989612042992;79.0793825229504;-12.7595759909004
-237.7553231839;78.9168246264393;-13.7030784548629
-237.510583981898;78.7470159124218;-14.6412601454221
-237.255454822723;78.5699982786571;-15.5738895802841
-236.989998655678;78.3858154015975;-16.5007366470912
-236.7142809781;78.194512725612;-17.4215726601983
-236.4283698192;77.9961374517734;-18.3361704170979
-236.132335723278;77.7907385262121;-19.244304254479
-235.826251732318;77.5783666280395;-20.1457501039059
-235.510193367964;77.3590741568439;-21.0402855471038
-235.184238612889;77.1329152197609;-21.9276898708375
-234.848467891551;76.8999456181244;-22.8077441213684
-234.502964050351;76.6602228336976;-23.6802311584788
-234.147812337192;76.4138060144903;-24.5449357090477
-233.783100380446;76.1607559601656;-25.4016444201659
-233.40891816733;75.9011351070379;-26.2501459117783
-233.025358021707;75.6350075126678;-27.0902308288382
-232.632514581302;75.3624388400573;-27.9216918929628
-232.230484774357;75.0834963414476;-28.7443239535759
-231.81936779571;74.7982488417265;-29.5579240385259
-231.399265082325;74.5067667214461;-30.362291404166
-230.970280288261;74.2091218994583;-31.1572275848847
-230.532519259095;73.905387815169;-31.9425364420742
-230.086090005811;73.5956394104186;-32.718024212525
-229.631102678148;73.2799531109912;-33.4834995562335
-229.167669537421;72.9584068077575;-34.2387736036128
-228.695904928822;72.6310798374563;-34.9836600020929
-228.21592525321;72.2980529631197;-35.7179749621012
-227.727848938388;71.9594083541457;-36.441537302409
-227.231796409882;71.6152295660244;-37.1541684948357
-226.727890061232;71.2656015197217;-37.8556927082979
-226.216254223789;70.9106104807263;-38.5459368521931
-225.697015136041;70.5503440377654;-39.2247306191071
-225.170300912462;70.1848910811929;-39.891906526835
-224.636241511906;69.8143417810575;-40.5472999597046
-224.094968705538;69.4387875648544;-41.1907492091934
-223.546616044325;69.0583210949668;-41.822095513827
-222.991318826081;68.6730362458031;-42.4411830983519
-222.429214062084;68.2830280806348;-43.0478592121702
-221.860440443275;67.8883928281408;-43.6419741670288
-221.285138306033;67.4892278586646;-44.2233813739523
-220.703449597552;67.0856316601895;-44.7919373794124
-220.115517840816;66.6777038140385;-45.3475019007221
-219.521488099191;66.2655449703035;-45.8899378606489
-218.921506940625;65.849256823012;-46.4191114212363
-218.315722401492;65.4289420850354;-46.9348920168265
-217.704283950061;65.0047044627458;-47.4371523862752
-217.087342449623;64.5766486304287;-47.9257686043519
-216.465050121261;64.1448802044554;-48.400620112316
-215.837560506295;63.7095057172244;-48.8615897476632
-215.205028428398;63.2706325908757;-49.3085637730338
-214.567609955395;62.8283691107864;-49.7414319042751
-213.925462360758;62.3828243988524;-50.1600873376529
-213.278744084796;61.9341083865645;-50.5644267762034
-212.627614695568;61.4823317878844;-50.9543504552207
-211.972234849506;61.0276060719279;-51.3297621668712
-211.31276625178;60.5700434354611;-51.6905692839327
-210.649371616401;60.1097567752179;-52.0366827826478
-209.982214626067;59.6468596600443;-52.3680172646897
-209.311459891783;59.181466302877;-52.6844909782329
-208.637272912242;58.7136915325631;-52.9860258381241
-207.959820032995;58.2436507655277;-53.2725474451485
-207.279268405401;57.7714599772966;-53.5439851043869
-206.595785945392;57.2972356738813;-53.8002718426585
-205.909541292038;56.8210948630327;-54.0413444250456
-205.220703765938;56.3431550253713;-54.2671433704956
-204.529443327445;55.8635340854004;-54.4776129664976
-203.835930534728;55.3823503824102;-54.6727012828279
-203.140336501691;54.8997226412793;-54.8523601843637
-202.442832855754;54.4157699431813;-55.0165453429594
-201.743591695505;53.9306116962026;-55.1652162483839
-201.042785548237;53.4443676058813;-55.2983362183158
-200.340587327379;52.9571576456708;-55.4158724073944
-199.637170289837;52.4691020273385;-55.5177958153239
-198.932707993238;51.9803211713053;-55.6040812940284
-198.227374253114;51.4909356769335;-55.6747075538572
-197.52134310001;51.0010662927712;-55.7296571688375
-196.814788736549;50.5108338867588;-55.768916580974
-196.107885494447;50.020359416407;-55.7924761035942
-195.400807791503;49.5297638989522;-55.8003299237385
-194.693730088558;49.0391683814974;-55.7924761035942
-193.986826846457;48.5486939111456;-55.768916580974
-193.280272482996;48.0584615051332;-55.7296571688375
-192.574241329892;47.5685921209709;-55.6747075538572
-191.868907589767;47.0792066265991;-55.6040812940284
-191.164445293169;46.5904257705659;-55.5177958153239
-190.461028255627;46.1023701522336;-55.4158724073944
-189.758830034769;45.6151601920231;-55.2983362183158
-189.058023887501;45.1289161017018;-55.1652162483839
-188.358782727252;44.6437578547231;-55.0165453429594
-187.661279081315;44.159805156625;-54.8523601843637
-186.965685048278;43.6771774154942;-54.6727012828279
-186.272172255561;43.195993712504;-54.4776129664975
-185.580911817068;42.7163727725331;-54.2671433704956
-184.892074290968;42.2384329348717;-54.0413444250456
-184.205829637614;41.7622921240231;-53.8002718426585
-183.522347177605;41.2880678206078;-53.5439851043869
-182.841795550011;40.8158770323768;-53.2725474451485
-182.164342670764;40.3458362653413;-52.9860258381241
-181.490155691223;39.8780614950274;-52.6844909782329
-180.819400956939;39.4126681378601;-52.3680172646897
-180.152243966605;38.9497710226865;-52.0366827826478
-179.488849331225;38.4894843624433;-51.6905692839327
-178.8293807335;38.0319217259765;-51.3297621668712
-178.174000887438;37.57719601002;-50.9543504552206
-177.522871498209;37.12541941134;-50.5644267762035
-176.876153222248;36.676703399052;-50.1600873376529
-176.234005627611;36.231158687118;-49.7414319042751
-175.596587154608;35.7888952070287;-49.3085637730338
-174.964055076711;35.35002208068;-48.8615897476632
-174.336565461745;34.914647593449;-48.400620112316
-173.714273133383;34.4828791674758;-47.9257686043519
-173.097331632944;34.0548233351586;-47.4371523862752
-172.485893181514;33.630585712869;-46.9348920168265
-171.880108642381;33.2102709748924;-46.4191114212363
-171.280127483815;32.7939828276009;-45.8899378606489
-170.686097742189;32.3818239838659;-45.3475019007221
-170.098165985454;31.9738961377149;-44.7919373794124
-169.516477276973;31.5702999392398;-44.2233813739523
-168.941175139731;31.1711349697636;-43.6419741670288
-168.372401520922;30.7764997172696;-43.0478592121702
-167.810296756925;30.3864915521013;-42.4411830983519
-167.254999538681;30.0012067029376;-41.822095513827
-166.706646877468;29.6207402330501;-41.1907492091934
-166.1653740711;29.2451860168469;-40.5472999597046
-165.631314670544;28.8746367167115;-39.891906526835
-165.104600446965;28.509183760139;-39.2247306191071
-164.585361359217;28.1489173171781;-38.5459368521931
-164.073725521774;27.7939262781828;-37.8556927082979
-163.569819173124;27.44429823188;-37.1541684948357
-163.073766644618;27.1001194437587;-36.441537302409
-162.585690329796;26.7614748347847;-35.7179749621012
-162.105710654184;26.4284479604481;-34.9836600020929
-161.633946045585;26.1011209901469;-34.2387736036128
-161.170512904858;25.7795746869132;-33.4834995562335
-160.715525577195;25.4638883874858;-32.718024212525
-160.269096323911;25.1541399827355;-31.9425364420742
-159.831335294745;24.8504058984461;-31.1572275848847
-159.40235050068;24.5527610764583;-30.362291404166
-158.982247787296;24.2612789561779;-29.5579240385259
-158.571130808649;23.9760314564568;-28.744323953576
-158.169101001704;23.6970889578471;-27.9216918929628
-157.776257561299;23.4245202852366;-27.0902308288382
-157.392697415676;23.1583926908665;-26.2501459117783
-157.01851520256;22.8987718377388;-25.4016444201659
-156.653803245813;22.6457217834141;-24.5449357090477
-156.298651532655;22.3993049642068;-23.6802311584788
-155.953147691455;22.15958217978;-22.8077441213684
-155.617376970117;21.9266125781435;-21.9276898708375
-155.291422215042;21.7004536410605;-21.0402855471038
-154.975363850688;21.4811611698649;-20.1457501039059
-154.669279859728;21.2687892716923;-19.244304254479
-154.373245763806;21.063390346131;-18.3361704170979
-154.087334604906;20.8650150722924;-17.4215726601983
-153.811616927327;20.6737123963069;-16.5007366470912
-153.546160760282;20.4895295192473;-15.5738895802841
-153.291031601108;20.3125118854826;-14.6412601454221
-153.046292399106;20.142703171465;-13.7030784548629
-152.812003540013;19.980145274954;-12.7595759909004
-152.5882228311;19.824878304678;-11.8109855486497
-152.375005486907;19.6769405704386;-10.8575411786083
-152.172404115623;19.5363685736581;-9.89947812890776
-151.980468706106;19.4031969983733;-8.93703278726989
-151.799246615546;19.2774587026778;-7.97044262268133
-151.628782557782;19.1591847106145;-6.99994612680175
-151.46911859227;19.0484042045212;-6.02578275511968
-151.320294113703;18.9451445178301;-5.0481928678704
-151.182345842296;18.8494311283238;-4.06741767073058
-151.055307814719;18.761287651849;-3.08369915530443
-150.939211375706;18.6807358364896;-2.09728003941598
-150.834085170315;18.6077955572006;-1.10840370722192
-150.739955136865;18.5424848109047;-0.117314149160393
-150.656844500533;18.4848197120511;0.875744098250181
-150.584773767624;18.4348144886402;1.87052601274667
-150.523760720514;18.3924814787125;2.86678614677692
-150.473820413259;18.3578311273049;3.86427868806027
-150.434965167883;18.330871983873;4.86275752023789
-150.407204571336;18.3116107001822;5.86197628359855
-150.39054547313;18.3000520286659;6.86168843586398
-150.384991983648;18.2961988212534;7.86164731301963
-150.391793591409;18.2989234503441;8.86160619017528
-150.412196736499;18.3070966653548;9.86131834244074
-150.446196384747;18.3207164496669;10.8605371058014
-150.493784147248;18.3397794428026;11.859015937979
-150.554948282434;18.3642809412534;12.8565084792623
-150.62967369897;18.3942148996413;13.8527686132926
-150.717941959478;18.4295739322099;14.8475505277891
-150.819731285084;18.4703493146471;15.8406087751997
-150.935016560796;18.5165309862373;16.8316983332612
-151.063769341697;18.5681075523441;17.8205746654552
-151.205957859965;18.6250662872217;18.8069937813437
-151.361547032711;18.6873931371544;19.7907122967698
-151.530498470635;18.7550727239246;20.7714874939097
-151.712770487497;18.8280883486071;21.749077381159
-151.908318110404;18.9064219956889;22.723240752841
-152.117093090907;18.9900543375149;23.6937372487206
-152.339043916904;19.0789647390561;24.6603274133091
-152.574115825348;19.1731312630012;25.622772754947
-152.822250815764;19.2725306751696;26.5808358046475
-153.083387664556;19.3771384502436;27.5342801746889
-153.357461940115;19.4869287778201;28.4828706169397
-153.644406018713;19.6018745687785;29.4263730809022
-153.944149101193;19.7219474619649;30.3645547714613
-154.256617230434;19.8471178311896;31.2971842063234
-154.581733309602;19.9773547925368;32.2240312731304
-154.919417121168;20.1126262119853;33.1448672862375
-155.269585346705;20.2528987133363;34.0594650431372
-155.632151587442;20.3981376864491;34.9675988805183
-156.007026385586;20.5483072957804;35.8690447299452
-156.394117246389;20.703370489226;36.7635801731431
-156.793328660972;20.8632890072633;37.6509844968767
-157.204562129895;21.0280233923908;38.5310387474076
-157.62771618745;21.1975329988639;39.4035257845181
-158.062686426707;21.3717760027238;40.2682303350869
-158.509365525267;21.5507094121164;41.1249390462052
-158.967643271747;21.7342890779005;41.9734405378176
-159.43740659297;21.9224697045404;42.8135254548775
-159.918539581865;22.1152048612824;43.6449865190021
-160.410923526068;22.3124469936104;44.4676185796152
-160.914436937207;22.5141474349797;45.2812186645652
-161.428955580883;22.7202564188246;46.0855860302053
-161.954352507319;22.9307230908372;46.8805222109239
-162.490498082685;23.1454955215157;47.6658310681135
-163.037260021083;23.3645207189764;48.4413188385643
-163.594503417186;23.5877446420292;49.2067941822728
-164.162090779525;23.8151122135112;49.962068229652
-164.73988206441;24.0465673338765;50.7069546281322
-165.327734710488;24.2820528950372;51.4412695881405
-165.925503673915;24.521510794455;52.1648319284483
-166.533041464143;24.7648819494761;52.8774631208749
-167.150198180314;25.0121063119098;53.5789873343371
-167.776821548242;25.2631228828439;54.2692314782324
-168.412756957988;25.5178697276955;54.9480252451464
-169.057847502005;25.7762839914926;55.6152011528742
-169.711934013855;26.0383019143822;56.2705945857439
-170.374855107477;26.3038588473627;56.9140438352326
-171.046447217012;26.5728892682343;57.5453901398662
-171.726544637155;26.8453267977664;58.1644777243912
-172.414979564045;27.121104216075;58.7711538382095
-173.111582136664;27.4001534792088;59.365268793068
-173.816180478752;27.6824057359375;59.9466759999916
-174.52860074121;27.9677913447404;60.5152320054516
-175.248667145;28.2562398909886;61.0707965267613
-175.97620202451;28.5476802043196;61.6132324866881
-176.711025871395;28.8420403761969;62.1424060472756
-177.452957378867;29.1392477776529;62.6581866428658
-178.201813486428;29.4392290772083;63.1604470123145
-178.957409425038;29.7419102589662;63.6490632303912
-179.719558762706;30.0472166408742;64.1239147383552
-180.488073450488;30.3550728931508;64.5848843737025
-181.262763868883;30.6654030568725;65.031858399073
-182.043438874622;30.9781305627148;65.4647265303143
-182.829905847831;31.2931782498452;65.8833819636921
-183.62197073955;31.610468384961;66.2877214022427
-184.41943811962;31.929922681469;66.6776450812599
-185.222111224898;32.2514623188018;67.0530567929105
-186.029792007806;32.575007961865;67.4138639099719
-186.842281185196;32.9004797806127;67.759977408687
-187.65937828752;33.2277974697437;68.091311890729
-188.480881708297;33.5568802685158;68.4077856042722
-189.306588753848;33.8876469806727;68.7093204641633
-190.136295693316;34.2200159944776;68.9958420711878
-190.969797808928;34.5539053028497;69.2672797304262
-191.80688944651;34.8892325235981;69.5235664686978
-192.647364066225;35.2259149197488;69.7646390510849
-193.491014293538;35.5638694199584;69.9904379965349
-194.337631970379;35.9030126390109;70.2009075925368
-195.187008206504;36.2432608983917;70.3959959088672
-196.038933431036;36.584530246934;70.575654810403
-196.893197444174;36.9267364815327;70.7398399689987
-197.749589469055;37.2697951679199;70.8885108744232
-198.607898203762;37.613621661498;71.021630844355
-199.467911873457;37.9581311282244;71.1391670334336
-200.329418282636;38.3032385655434;71.2410904413631
-201.192204867484;38.6488588233587;71.3273759200677
-202.056058748321;38.9949066250433;71.3980021798965
-202.920766782128;39.3412965884801;71.4529517948768
-203.786115615136;39.6879432471289;71.4922112070132
-204.65189173547;40.0347610711135;71.5157707296335
-205.517881525827;40.3816644883255;71.5236245497778
-206.383871316183;40.7285679055376;71.5157707296335
-207.249647436517;41.0753857295222;71.4922112070132
-208.114996269526;41.422032388171;71.4529517948768
-208.979704303333;41.7684223516078;71.3980021798965
-209.843558184169;42.1144701532924;71.3273759200676
-210.706344769017;42.4600904111077;71.2410904413631
-211.567851178197;42.8051978484266;71.1391670334336
-212.427864847892;43.1497073151531;71.021630844355
-213.286173582599;43.4935338087312;70.8885108744231
-214.14256560748;43.8365924951184;70.7398399689987
-214.996829620618;44.1787987297171;70.575654810403
-215.84875484515;44.5200680782594;70.3959959088672
-216.698131081275;44.8603163376402;70.2009075925368
-217.544748758115;45.1994595566927;69.9904379965349
-218.388398985428;45.5374140569023;69.7646390510848
-219.228873605144;45.874096453053;69.5235664686978
-220.065965242726;46.2094236738014;69.2672797304262
-220.899467358338;46.5433129821734;68.9958420711878
-221.729174297806;46.8756819959783;68.7093204641633
-222.554881343357;47.2064487081353;68.4077856042722
-223.376384764133;47.5355315069074;68.091311890729
-224.193481866458;47.8628491960384;67.759977408687
-225.005971043848;48.188321014786;67.4138639099719
-225.813651826755;48.5118666578493;67.0530567929105
-226.616324932033;48.8334062951821;66.6776450812599
-227.413792312104;49.1528605916901;66.2877214022427
-228.205857203823;49.4701507268059;65.8833819636921
-228.992324177031;49.7851984139363;65.4647265303143
-229.772999182771;50.0979259197786;65.031858399073
-230.547689601166;50.4082560835002;64.5848843737025
-231.316204288947;50.7161123357769;64.1239147383552
-232.078353626616;51.0214187176849;63.6490632303912
-232.833949565226;51.3240998994428;63.1604470123145
-233.582805672787;51.6240811989982;62.6581866428658
-234.324737180258;51.9212886004541;62.1424060472756
-235.059561027144;52.2156487723315;61.6132324866881
-235.787095906654;52.5070890856625;61.0707965267613
-236.507162310443;52.7955376319107;60.5152320054516
-237.219582572902;53.0809232407136;59.9466759999916
-237.92418091499;53.3631754974423;59.365268793068
-238.620783487609;53.6422247605761;58.7711538382095
-239.309218414499;53.9180021788847;58.1644777243912
-239.989315834642;54.1904397084168;57.5453901398663
-240.660907944177;54.4594701292884;56.9140438352326
-241.323829037799;54.7250270622689;56.2705945857439
-241.977915549648;54.9870449851585;55.6152011528742
-242.623006093666;55.2454592489556;54.9480252451464
-243.258941503412;55.5002060938072;54.2692314782324
-243.88556487134;55.7512226647413;53.5789873343371
-244.502721587511;55.998447027175;52.877463120875
-245.110259377739;56.2418181821961;52.1648319284483
-245.708028341165;56.4812760816139;51.4412695881405
-246.295880987244;56.7167616427746;50.7069546281322
-246.873672272129;56.9482167631399;49.962068229652
-247.441259634467;57.1755843346219;49.2067941822728
-247.998503030571;57.3988082576747;48.4413188385643
-248.545264968969;57.6178334551354;47.6658310681135
-249.081410544335;57.8326058858139;46.8805222109239
-249.606807470771;58.0430725578265;46.0855860302053
-250.121326114447;58.2491815416714;45.2812186645652
-250.624839525586;58.4508819830407;44.4676185796152
-251.117223469788;58.6481241153687;43.6449865190021
-251.598356458684;58.8408592721107;42.8135254548775
-252.068119779907;59.0290398987506;41.9734405378176
-252.526397526387;59.2126195645346;41.1249390462052
-252.973076624947;59.3915529739273;40.2682303350869
-253.408046864203;59.5657959777871;39.4035257845181
-253.831200921759;59.7353055842603;38.5310387474076
-254.242434390681;59.9000399693878;37.6509844968767
-254.641645805265;60.0599584874251;36.7635801731431
-255.028736666068;60.2150216808707;35.8690447299452
-255.403611464211;60.3651912902019;34.9675988805183
-255.766177704949;60.5104302633148;34.0594650431372
-256.116345930486;60.6507027646658;33.1448672862375
-256.454029742052;60.7859741841143;32.2240312731304
-256.779145821219;60.9162111454615;31.2971842063234
-257.091613950461;61.0413815146862;30.3645547714613
-257.391357032941;61.1614544078726;29.4263730809022
-257.678301111539;61.276400198831;28.4828706169397
-257.952375387097;61.3861905264074;27.5342801746889
-258.21351223589;61.4907983014815;26.5808358046475
-258.461647226306;61.5901977136499;25.622772754947
-258.69671913475;61.684364237595;24.6603274133091
-258.918669960746;61.7732746391362;23.6937372487206
-259.12744494125;61.8569069809621;22.723240752841
-259.322992564157;61.935240628044;21.7490773811589
-259.505264581019;62.0082562527265;20.7714874939097
-259.674216018943;62.0759358394967;19.7907122967699
-259.829805191689;62.1382626894294;18.8069937813437
-259.971993709957;62.195221424307;17.8205746654552
-260.100746490858;62.2467979904138;16.8316983332612
-260.21603176657;62.292979662004;15.8406087751997
-260.317821092176;62.3337550444412;14.8475505277891
-260.406089352683;62.3691140770098;13.8527686132926
-260.480814769219;62.3990480353977;12.8565084792623
-260.541978904405;62.4235495338485;11.859015937979
-260.589566666906;62.4426125269842;10.8605371058014
-260.623566315154;62.4562323112963;9.86131834244074
-260.643969460244;62.464405526307;8.86160619017528
-260.650771068006;62.4671301553977;7.86164731301963
-260.642917247862;62.4671301553977;6.86168843586398
-260.619357725242;62.4671301553977;5.86197628359852
-260.580098313105;62.4671301553977;4.86275752023789
-260.525148698125;62.4671301553977;3.86427868806027
-260.454522438296;62.4671301553977;2.86678614677695
-260.368236959591;62.4671301553977;1.87052601274667
-260.266313551662;62.4671301553977;0.875744098250181
-260.148777362583;62.4671301553977;-0.117314149160393
-260.015657392651;62.4671301553977;-1.10840370722192
-259.866986487227;62.4671301553977;-2.09728003941598
-259.702801328631;62.4671301553977;-3.08369915530446
-259.523142427095;62.4671301553977;-4.06741767073058
-259.328054110765;62.4671301553977;-5.04819286787043
-259.117584514763;62.4671301553977;-6.02578275511971
-258.891785569313;62.4671301553977;-6.99994612680175
-258.650712986926;62.4671301553977;-7.9704426226813
-258.394426248654;62.4671301553977;-8.93703278726989
-258.122988589416;62.4671301553977;-9.89947812890776
-257.836466982392;62.4671301553977;-10.8575411786083
-257.5349321225;62.4671301553977;-11.8109855486497
-257.218458408957;62.4671301553977;-12.7595759909004
-256.887123926915;62.4671301553977;-13.7030784548629
-256.5410104282;62.4671301553977;-14.6412601454221
-256.180203311139;62.4671301553977;-15.5738895802841
-255.804791599488;62.4671301553977;-16.5007366470912
-255.414867920471;62.4671301553977;-17.4215726601983
-255.01052848192;62.4671301553977;-18.3361704170979
-254.591873048543;62.4671301553977;-19.244304254479
-254.159004917301;62.4671301553977;-20.1457501039059
-253.712030891931;62.4671301553977;-21.0402855471038
-253.251061256584;62.4671301553977;-21.9276898708375
-252.776209748619;62.4671301553977;-22.8077441213684
-252.287593530543;62.4671301553977;-23.6802311584788
-251.785333161094;62.4671301553977;-24.5449357090477
-251.269552565504;62.4671301553977;-25.4016444201659
-250.740379004916;62.4671301553977;-26.2501459117783
-250.19794304499;62.4671301553977;-27.0902308288382
-249.64237852368;62.4671301553977;-27.9216918929628
-249.07382251822;62.4671301553977;-28.7443239535759
-248.492415311296;62.4671301553977;-29.5579240385259
-247.898300356438;62.4671301553977;-30.362291404166
-247.291624242619;62.4671301553977;-31.1572275848847
-246.672536658095;62.4671301553977;-31.9425364420742
-246.041190353461;62.4671301553977;-32.718024212525
-245.397741103972;62.4671301553977;-33.4834995562335
-244.742347671103;62.4671301553977;-34.2387736036128
-244.075171763375;62.4671301553977;-34.9836600020929
-243.396377996461;62.4671301553977;-35.7179749621012
-242.706133852565;62.4671301553977;-36.441537302409
-242.004609639103;62.4671301553977;-37.1541684948357
-241.291978446677;62.4671301553977;-37.8556927082979
-240.568416106369;62.4671301553977;-38.5459368521931
-239.83410114636;62.4671301553977;-39.2247306191071
-239.08921474788;62.4671301553977;-39.891906526835
-238.333940700501;62.4671301553977;-40.5472999597046
-237.568465356793;62.4671301553977;-41.1907492091934
-236.792977586342;62.4671301553977;-41.822095513827
-236.007668729152;62.4671301553977;-42.4411830983519
-235.212732548434;62.4671301553977;-43.0478592121702
-234.408365182793;62.4671301553977;-43.6419741670288
-233.594765097843;62.4671301553977;-44.2233813739523
-232.77213303723;62.4671301553977;-44.7919373794124
-231.940671973106;62.4671301553977;-45.3475019007221
-231.100587056046;62.4671301553977;-45.8899378606489
-230.252085564433;62.4671301553977;-46.4191114212363
-229.395376853315;62.4671301553977;-46.9348920168265
-228.530672302746;62.4671301553977;-47.4371523862752
-227.658185265636;62.4671301553977;-47.9257686043519
-226.778131015105;62.4671301553977;-48.400620112316
-225.890726691371;62.4671301553977;-48.8615897476632
-224.996191248173;62.4671301553977;-49.3085637730338
-224.094745398747;62.4671301553977;-49.7414319042751
-223.186611561365;62.4671301553977;-50.1600873376529
-222.272013804466;62.4671301553977;-50.5644267762035
-221.351177791359;62.4671301553977;-50.9543504552207
-220.424330724552;62.4671301553977;-51.3297621668712
-219.49170128969;62.4671301553977;-51.6905692839327
-218.55351959913;62.4671301553977;-52.0366827826478
-217.610017135168;62.4671301553977;-52.3680172646897
-216.661426692917;62.4671301553977;-52.6844909782329
-215.707982322876;62.4671301553977;-52.9860258381241
-214.749919273175;62.4671301553977;-53.2725474451485
-213.787473931537;62.4671301553977;-53.5439851043869
-212.820883766949;62.4671301553977;-53.8002718426585
-211.850387271069;62.4671301553977;-54.0413444250456
-210.876223899387;62.4671301553977;-54.2671433704956
-209.898634012138;62.4671301553977;-54.4776129664976
-208.917858814998;62.4671301553977;-54.6727012828279
-207.934140299572;62.4671301553977;-54.8523601843637
-206.947721183684;62.4671301553977;-55.0165453429595
-205.958844851489;62.4671301553977;-55.1652162483839
-204.967755293428;62.4671301553977;-55.2983362183158
-203.974697046017;62.4671301553977;-55.4158724073944
-202.979915131521;62.4671301553977;-55.5177958153239
-201.983654997491;62.4671301553977;-55.6040812940284
-200.986162456207;62.4671301553977;-55.6747075538572
-199.98768362403;62.4671301553977;-55.7296571688375
-198.988464860669;62.4671301553977;-55.768916580974
-197.988752708404;62.4671301553977;-55.7924761035942
-196.988793831248;62.4671301553977;-55.8003299237385
-195.988834954092;62.4671301553977;-55.7924761035942
-194.989122801827;62.4671301553977;-55.768916580974
-193.989904038466;62.4671301553977;-55.7296571688375
-192.991425206289;62.4671301553977;-55.6747075538572
-191.993932665005;62.4671301553977;-55.6040812940284
-190.997672530975;62.4671301553977;-55.5177958153239
-190.002890616478;62.4671301553977;-55.4158724073944
-189.009832369068;62.4671301553977;-55.2983362183158
-188.018742811006;62.4671301553977;-55.1652162483839
-187.029866478812;62.4671301553977;-55.0165453429594
-186.043447362924;62.4671301553977;-54.8523601843637
-185.059728847498;62.4671301553977;-54.6727012828279
-184.078953650358;62.4671301553977;-54.4776129664975
-183.101363763109;62.4671301553977;-54.2671433704956
-182.127200391427;62.4671301553977;-54.0413444250456
-181.156703895547;62.4671301553977;-53.8002718426585
-180.190113730958;62.4671301553977;-53.5439851043869
-179.227668389321;62.4671301553977;-53.2725474451485
-178.26960533962;62.4671301553977;-52.9860258381241
-177.316160969579;62.4671301553977;-52.6844909782329
-176.367570527328;62.4671301553977;-52.3680172646897
-175.424068063365;62.4671301553977;-52.0366827826478
-174.485886372806;62.4671301553977;-51.6905692839327
-173.553256937944;62.4671301553977;-51.3297621668712
-172.626409871137;62.4671301553977;-50.9543504552207
-171.70557385803;62.4671301553977;-50.5644267762035
-170.79097610113;62.4671301553977;-50.1600873376529
-169.882842263749;62.4671301553977;-49.7414319042751
-168.981396414322;62.4671301553977;-49.3085637730338
-168.086860971124;62.4671301553977;-48.8615897476632
-167.199456647391;62.4671301553977;-48.400620112316
-166.31940239686;62.4671301553977;-47.9257686043519
-165.446915359749;62.4671301553977;-47.4371523862752
-164.582210809181;62.4671301553977;-46.9348920168265
-163.725502098062;62.4671301553977;-46.4191114212363
-162.87700060645;62.4671301553977;-45.8899378606489
-162.03691568939;62.4671301553977;-45.3475019007221
-161.205454625265;62.4671301553977;-44.7919373794124
-160.382822564652;62.4671301553977;-44.2233813739523
-159.569222479702;62.4671301553977;-43.6419741670288
-158.764855114062;62.4671301553977;-43.0478592121702
-157.969918933344;62.4671301553977;-42.4411830983519
-157.184610076154;62.4671301553977;-41.822095513827
-156.409122305703;62.4671301553977;-41.1907492091934
-155.643646961995;62.4671301553977;-40.5472999597046
-154.888372914616;62.4671301553977;-39.891906526835
-154.143486516135;62.4671301553977;-39.2247306191071
-153.409171556127;62.4671301553977;-38.5459368521931
-152.685609215819;62.4671301553977;-37.8556927082979
-151.972978023393;62.4671301553977;-37.1541684948357
-151.27145380993;62.4671301553977;-36.441537302409
-150.581209666035;62.4671301553977;-35.7179749621012
-149.902415899121;62.4671301553977;-34.9836600020929
-149.235239991393;62.4671301553977;-34.2387736036128
-148.579846558524;62.4671301553977;-33.4834995562335
-147.936397309035;62.4671301553977;-32.718024212525
-147.305051004401;62.4671301553977;-31.9425364420742
-146.685963419876;62.4671301553977;-31.1572275848847
-146.079287306058;62.4671301553977;-30.362291404166
-145.4851723512;62.4671301553977;-29.5579240385259
-144.903765144276;62.4671301553977;-28.744323953576
-144.335209138816;62.4671301553977;-27.9216918929628
-143.779644617506;62.4671301553977;-27.0902308288382
-143.237208657579;62.4671301553977;-26.2501459117783
-142.708035096992;62.4671301553977;-25.4016444201659
-142.192254501402;62.4671301553977;-24.5449357090477
-141.689994131953;62.4671301553977;-23.6802311584788
-141.201377913876;62.4671301553977;-22.8077441213684
-140.726526405912;62.4671301553977;-21.9276898708375
-140.265556770565;62.4671301553977;-21.0402855471038
-139.818582745195;62.4671301553977;-20.1457501039059
-139.385714613953;62.4671301553977;-19.244304254479
-138.967059180575;62.4671301553977;-18.3361704170979
-138.562719742025;62.4671301553977;-17.4215726601983
-138.172796063008;62.4671301553977;-16.5007366470912
-137.797384351357;62.4671301553977;-15.5738895802841
-137.436577234296;62.4671301553977;-14.6412601454221
-137.090463735581;62.4671301553977;-13.7030784548629
-136.759129253539;62.4671301553977;-12.7595759909004
-136.442655539995;62.4671301553977;-11.8109855486497
-136.141120680104;62.4671301553977;-10.8575411786083
-135.85459907308;62.4671301553977;-9.89947812890779
-135.583161413841;62.4671301553977;-8.93703278726989
-135.32687467557;62.4671301553977;-7.97044262268133
-135.085802093183;62.4671301553977;-6.99994612680175
-134.860003147733;62.4671301553977;-6.02578275511971
-134.649533551731;62.4671301553977;-5.0481928678704
-134.4544452354;62.4671301553977;-4.06741767073061
-134.274786333865;62.4671301553977;-3.08369915530443
-134.110601175269;62.4671301553977;-2.09728003941598
-133.961930269844;62.4671301553977;-1.10840370722195
-133.828810299913;62.4671301553977;-0.117314149160393
-133.711274110834;62.4671301553977;0.875744098250152
-133.609350702904;62.4671301553977;1.87052601274667
-133.5230652242;62.4671301553977;2.86678614677692
-133.452438964371;62.4671301553977;3.86427868806027
-133.397489349391;62.4671301553977;4.86275752023789
-133.358229937254;62.4671301553977;5.86197628359852
-133.334670414634;62.4671301553977;6.86168843586395
-133.32681659449;62.4671301553977;7.86164731301963
-133.332370083972;62.4632769479852;8.86160619017528
-133.349029182178;62.4517182764689;9.86131834244074
-133.376789778725;62.432456992778;10.8605371058014
-133.415645024102;62.4054978493462;11.859015937979
-133.465585331356;62.3708474979385;12.8565084792623
-133.526598378466;62.3285144880109;13.8527686132926
-133.598669111375;62.2785092646;14.8475505277891
-133.681779747707;62.2208441657464;15.8406087751997
-133.775909781157;62.1555334194504;16.8316983332612
-133.881035986548;62.0825931401615;17.8205746654552
-133.997132425561;62.0020413248021;18.8069937813437
-134.124170453138;61.9138978483273;19.7907122967698
-134.262118724545;61.818184458821;20.7714874939097
-134.410943203112;61.7149247721299;21.749077381159
-134.570607168624;61.6041442660366;22.723240752841
-134.741071226388;61.4858702739732;23.6937372487206
-134.922293316948;61.3601319782777;24.6603274133091
-135.114228726465;61.226960402993;25.622772754947
-135.316830097749;61.0863884062125;26.5808358046475
-135.530047441942;60.9384506719731;27.5342801746889
-135.753828150856;60.7831837016971;28.4828706169397
-135.988117009948;60.620625805186;29.4263730809022
-136.23285621195;60.4508170911685;30.3645547714613
-136.487985371125;60.2737994574037;31.2971842063234
-136.75344153817;60.0896165803442;32.2240312731304
-137.029159215748;59.8983139043587;33.1448672862375
-137.315070374648;59.69993863052;34.0594650431372
-137.61110447057;59.4945397049587;34.9675988805183
-137.91718846153;59.2821678067862;35.8690447299452
-138.233246825884;59.0628753355905;36.7635801731431
-138.559201580959;58.8367163985076;37.6509844968767
-138.894972302297;58.6037467968711;38.5310387474076
-139.240476143497;58.3640240124442;39.4035257845181
-139.595627856656;58.117607193237;40.2682303350869
-139.960339813402;57.8645571389123;41.1249390462052
-140.334522026518;57.6049362857845;41.9734405378176
-140.718082172141;57.3388086914145;42.8135254548775
-141.110925612546;57.0662400188039;43.6449865190021
-141.512955419491;56.7872975201943;44.4676185796152
-141.924072398138;56.5020500204731;45.2812186645652
-142.344175111523;56.2105679001928;46.0855860302053
-142.773159905587;55.9129230782049;46.8805222109239
-143.210920934753;55.6091889939156;47.6658310681135
-143.657350188037;55.2994405891653;48.4413188385643
-144.1123375157;54.9837542897379;49.2067941822728
-144.575770656427;54.6622079865041;49.962068229652
-145.047535265026;54.3348810162029;50.7069546281322
-145.527514940638;54.0018541418663;51.4412695881405
-146.01559125546;53.6632095328924;52.1648319284483
-146.511643783966;53.3190307447711;52.8774631208749
-147.015550132616;52.9694026984683;53.5789873343371
-147.527185970059;52.614411659473;54.2692314782324
-148.046425057807;52.2541452165121;54.9480252451464
-148.573139281386;51.8886922599396;55.6152011528742
-149.107198681942;51.5181429598042;56.2705945857439
-149.64847148831;51.142588743601;56.9140438352326
-150.196824149523;50.7621222737134;57.5453901398663
-150.752121367767;50.3768374245498;58.1644777243912
-151.314226131764;49.9868292593815;58.7711538382095
-151.882999750573;49.5921940068875;59.365268793068
-152.458301887815;49.1930290374112;59.9466759999916
-153.039990596296;48.7894328389362;60.5152320054517
-153.627922353031;48.3815049927851;61.0707965267613
-154.221952094657;47.9693461490502;61.6132324866881
-154.821933253223;47.5530580017587;62.1424060472756
-155.427717792356;47.132743263782;62.6581866428658
-156.039156243787;46.7085056414925;63.1604470123145
-156.656097744225;46.2804498091753;63.6490632303912
-157.278390072587;45.848681383202;64.1239147383552
-157.905879687553;45.413306895971;64.5848843737025
-158.53841176545;44.9744337696224;65.031858399073
-159.175830238453;44.5321702895331;65.4647265303144
-159.81797783309;44.086625577599;65.8833819636921
-160.464696109052;43.6379095653111;66.2877214022427
-161.11582549828;43.1861329666311;66.6776450812599
-161.771205344342;42.7314072506745;67.0530567929105
-162.430673942068;42.2738446142077;67.4138639099719
-163.094068577447;41.8135579539645;67.759977408687
-163.761225567781;41.350660838791;68.091311890729
-164.431980302065;40.8852674816237;68.4077856042722
-165.106167281606;40.4174927113098;68.7093204641633
-165.783620160853;39.9474519442743;68.9958420711878
-166.464171788447;39.4752611560432;69.2672797304262
-167.147654248456;39.0010368526279;69.5235664686978
-167.83389890181;38.5248960417794;69.7646390510849
-168.52273642791;38.0469562041179;69.9904379965349
-169.213996866403;37.567335264147;70.2009075925368
-169.90750965912;37.0861515611569;70.3959959088672
-170.603103692157;36.603523820026;70.575654810403
-171.300607338094;36.1195711219279;70.7398399689987
-171.999848498343;35.6344128749493;70.8885108744232
-172.700654645611;35.148168784628;71.021630844355
-173.402852866469;34.6609588244175;71.1391670334337
-174.106269904011;34.1729032060852;71.2410904413631
-174.810732200609;33.6841223500519;71.3273759200677
-175.516065940734;33.1947368556802;71.3980021798965
-176.222097093838;32.7048674715179;71.4529517948768
-176.928651457299;32.2146350655055;71.4922112070133
-177.635554699401;31.7241605951537;71.5157707296335
-178.342632402345;31.2335650776989;71.5236245497778
-179.04971010529;30.7429695602441;71.5157707296335
-179.756613347391;30.2524950898922;71.4922112070132
-180.463167710852;29.7622626838798;71.4529517948768
-181.169198863956;29.2723932997175;71.3980021798965
-181.874532604081;28.7830078053458;71.3273759200676
-182.578994900679;28.2942269493126;71.2410904413631
-183.282411938221;27.8061713309802;71.1391670334336
-183.984610159079;27.3189613707697;71.021630844355
-184.685416306347;26.8327172804484;70.8885108744231
-185.384657466596;26.3475590334698;70.7398399689987
-186.082161112533;25.8636063353717;70.575654810403
-186.77775514557;25.3809785942409;70.3959959088672
-187.471267938287;24.8997948912507;70.2009075925368
-188.16252837678;24.4201739512798;69.9904379965349
-188.85136590288;23.9422341136183;69.7646390510848
-189.537610556234;23.4660933027698;69.5235664686978
-190.221093016243;22.9918689993545;69.2672797304262
-190.901644643837;22.5196782111234;68.9958420711878
-191.579097523084;22.049637444088;68.7093204641633
-192.253284502625;21.581862673774;68.4077856042722
-192.924039236909;21.1164693166068;68.091311890729
-193.591196227243;20.6535722014332;67.759977408687
-194.254590862623;20.19328554119;67.4138639099719
-194.914059460348;19.7357229047232;67.0530567929105
-195.56943930641;19.2809971887667;66.6776450812599
-196.220568695639;18.8292205900866;66.2877214022427
-196.8672869716;18.3805045777987;65.8833819636921
-197.509434566237;17.9349598658647;65.4647265303143
-198.14685303924;17.4926963857753;65.031858399073
-198.779385117137;17.0538232594267;64.5848843737025
-199.406874732103;16.6184487721957;64.1239147383552
-200.029167060465;16.1866803462224;63.6490632303912
-200.646108560904;15.7586245139053;63.1604470123145
-201.257547012334;15.3343868916157;62.6581866428658
-201.863331551467;14.914072153639;62.1424060472756
-202.463312710033;14.4977840063476;61.6132324866881
-203.057342451659;14.0856251626126;61.0707965267613
-203.645274208394;13.6776973164616;60.5152320054516
-204.226962916875;13.2741011179865;59.9466759999916
-204.802265054117;12.8749361485103;59.365268793068
-205.371038672926;12.4803008960163;58.7711538382095
-205.933143436923;12.0902927308479;58.1644777243912
-206.488440655167;11.7050078816843;57.5453901398663
-207.03679331638;11.3245414117967;56.9140438352326
-207.578066122748;10.9489871955936;56.2705945857439
-208.112125523304;10.5784378954582;55.6152011528742
-208.638839746883;10.2129849388857;54.9480252451464
-209.158078834631;9.85271849592474;54.2692314782324
-209.669714672074;9.49772745692939;53.5789873343372
-210.173621020724;9.14809941062668;52.877463120875
-210.66967354923;8.80392062250538;52.1648319284483
-211.157749864052;8.46527601353142;51.4412695881405
-211.637729539664;8.13224913919481;50.7069546281322
-212.109494148263;7.80492216889362;49.962068229652
-212.57292728899;7.48337586565987;49.2067941822728
-213.027914616653;7.16768956623248;48.4413188385643
-213.474343869937;6.85794116148213;47.6658310681135
-213.912104899103;6.5542070771928;46.8805222109239
-214.341089693168;6.25656225520495;46.0855860302053
-214.761192406552;5.9650801349246;45.2812186645652
-215.172309385199;5.67983263520346;44.4676185796152
-215.574339192144;5.40089013659382;43.6449865190021
-215.967182632549;5.12832146398324;42.8135254548775
-216.350742778172;4.86219386961322;41.9734405378176
-216.724924991288;4.60257301648549;41.1249390462052
-217.089636948035;4.34952296216078;40.2682303350869
-217.444788661193;4.10310614295348;39.4035257845181
-217.790292502393;3.86338335852664;38.5310387474076
-218.126063223731;3.63041375689014;37.6509844968767
-218.452017978806;3.40425481980722;36.7635801731431
-218.76807634316;3.18496234861154;35.8690447299452
-219.07416033412;2.97259045043899;34.9675988805183
-219.370194430042;2.76719152487773;34.0594650431372
-219.656105588942;2.56881625103908;33.1448672862376
-219.931823266521;2.3775135750536;32.2240312731305
-220.197279433566;2.19333069799403;31.2971842063234
-220.45240859274;2.01631306422927;30.3645547714613
-220.697147794742;1.84650435021172;29.4263730809022
-220.931436653835;1.68394645370067;28.4828706169397
-221.155217362748;1.52867948342464;27.5342801746889
-221.368434706941;1.38074174918524;26.5808358046475
-221.571036078225;1.24016975240477;25.622772754947
-221.762971487742;1.10699817712002;24.6603274133091
-221.944193578302;0.981259881424502;23.6937372487206
-222.114657636066;0.862985889361193;22.723240752841
-222.274321601578;0.752205383267872;21.749077381159
-222.423146080145;0.648945696576781;20.7714874939097
-222.561094351552;0.553232307070469;19.7907122967699
-222.688132379129;0.465088830595659;18.8069937813437
-222.804228818142;0.384537015236258;17.8205746654552
-222.909355023533;0.311596735947321;16.8316983332612
-223.003485056983;0.246285989651355;15.8406087751997
-223.086595693315;0.188620890797775;14.8475505277891
-223.158666426224;0.13861566738684;13.8527686132926
-223.219679473334;0.0962826574591808;12.8565084792623
-223.269619780589;0.0616323060515463;11.859015937979
-223.308475025965;0.0346731626197175;10.8605371058014
-223.336235622512;0.0154118789288625;9.86131834244074
-223.352894720718;0.00385320741255745;8.86160619017531
-223.3584482102;0;7.86164731301963
